{"count":1,"self":50.9050848,"total":51.7014998,"children":{"InitializeActuators":{"count":3,"self":0.0029915,"total":0.0029915,"children":null},"InitializeSensors":{"count":3,"self":0.0029917999999999998,"total":0.0029917999999999998,"children":null},"AgentSendState":{"count":2358,"self":0.029949299999999998,"total":0.089920699999999992,"children":{"CollectObservations":{"count":1416,"self":0.0149892,"total":0.0149892,"children":null},"WriteActionMask":{"count":1416,"self":0.0029920999999999997,"total":0.0029920999999999997,"children":null},"RequestDecision":{"count":1416,"self":0.022973,"total":0.041990099999999995,"children":{"RayPerceptionSensor.Perceive":{"count":534,"self":0.0190171,"total":0.0190171,"children":null}}}}},"DecideAction":{"count":2358,"self":0.6365391,"total":0.681518,"children":{"RayPerceptionSensor.Perceive":{"count":2298,"self":0.044978899999999995,"total":0.044978899999999995,"children":null}}},"AgentAct":{"count":2358,"self":0.0179968,"total":0.0179968,"children":null}},"gauges":{"RacingAgent.CumulativeReward":{"count":3,"max":-0.0443001762,"min":-0.0443001762,"runningAverage":-0.0443001762,"value":-0.0443001762,"weightedAverage":-0.0443001762}},"metadata":{"timer_format_version":"0.1.0","start_time_seconds":"1749834860","unity_version":"2019.4.23f1","command_line_arguments":"C:\\Program Files\\Unity\\Hub\\Editor\\2019.4.23f1\\Editor\\Unity.exe -projectpath C:\\Unity Projects\\Racing Project -useHub -hubIPC -cloudEnvironment production -licensingIpc LicenseClient-PKMAN -hubSessionId bf23fc2d-ba6f-4d7d-a86c-a22a5d8a0689 -accessToken FX76ItF4ZpkxCEsQM-X0eo87l9S94DRAHfRrrFV28m8009f","communication_protocol_version":"1.3.0","com.unity.ml-agents_version":"1.7.2-preview","scene_name":"Level_6","end_time_seconds":"1749834912"}}