{"count":1,"self":76.426918399999991,"total":77.64719629999999,"children":{"InitializeActuators":{"count":3,"self":0.0019895,"total":0.0019895,"children":null},"InitializeSensors":{"count":3,"self":0.0039892999999999994,"total":0.0039892999999999994,"children":null},"AgentSendState":{"count":3643,"self":0.043951,"total":0.0927978,"children":{"CollectObservations":{"count":2187,"self":0.011921399999999999,"total":0.011921399999999999,"children":null},"WriteActionMask":{"count":2187,"self":0.0029936999999999997,"total":0.0029936999999999997,"children":null},"RequestDecision":{"count":2187,"self":0.021991,"total":0.033931699999999995,"children":{"RayPerceptionSensor.Perceive":{"count":372,"self":0.0119407,"total":0.0119407,"children":null}}}}},"DecideAction":{"count":3643,"self":0.9945531,"total":1.0876248,"children":{"RayPerceptionSensor.Perceive":{"count":4002,"self":0.0930717,"total":0.0930717,"children":null}}},"AgentAct":{"count":3643,"self":0.032879399999999996,"total":0.032879399999999996,"children":null}},"gauges":{"RacingAgent.CumulativeReward":{"count":3,"max":-0.0309999548,"min":-0.0309999548,"runningAverage":-0.0309999548,"value":-0.0309999548,"weightedAverage":-0.0309999548}},"metadata":{"timer_format_version":"0.1.0","start_time_seconds":"1750512076","unity_version":"2019.4.23f1","command_line_arguments":"C:\\Program Files\\Unity\\Hub\\Editor\\2019.4.23f1\\Editor\\Unity.exe -projectpath C:\\Unity Projects\\Racing Project -useHub -hubIPC -cloudEnvironment production -licensingIpc LicenseClient-PKMAN -hubSessionId 350106ed-9b87-4dd7-bfd7-adfad0ed629d -accessToken oDDWtybC2BDPjo2vei1VpXzT22IYr_1195hKL7O0ptc009f","communication_protocol_version":"1.3.0","com.unity.ml-agents_version":"1.7.2-preview","scene_name":"Level_13","end_time_seconds":"1750512154"}}