{"count":1,"self":104.5736704,"total":106.25779209999999,"children":{"InitializeActuators":{"count":3,"self":0.0019944999999999997,"total":0.0019944999999999997,"children":null},"InitializeSensors":{"count":3,"self":0.0039894,"total":0.0039894,"children":null},"AgentSendState":{"count":4803,"self":0.0805787,"total":0.1606278,"children":{"CollectObservations":{"count":2883,"self":0.025634999999999998,"total":0.025634999999999998,"children":null},"WriteActionMask":{"count":2883,"self":0.0059784999999999994,"total":0.0059784999999999994,"children":null},"RequestDecision":{"count":2883,"self":0.0306053,"total":0.048435599999999995,"children":{"RayPerceptionSensor.Perceive":{"count":636,"self":0.0178303,"total":0.0178303,"children":null}}}}},"DecideAction":{"count":4803,"self":1.3577435999999998,"total":1.4711732,"children":{"RayPerceptionSensor.Perceive":{"count":5130,"self":0.11342959999999999,"total":0.11342959999999999,"children":null}}},"AgentAct":{"count":4803,"self":0.044344499999999995,"total":0.044344499999999995,"children":null}},"gauges":{"RacingAgent.CumulativeReward":{"count":3,"max":-0.105400637,"min":-0.105400637,"runningAverage":-0.105400637,"value":-0.105400637,"weightedAverage":-0.105400637}},"metadata":{"timer_format_version":"0.1.0","start_time_seconds":"1677743251","unity_version":"2019.4.23f1","command_line_arguments":"C:\\Program Files\\Unity\\Hub\\Editor\\2019.4.23f1\\Editor\\Unity.exe -projectpath C:\\Unity Projects\\Racing Project -useHub -hubIPC -cloudEnvironment production -licensingIpc LicenseClient-PKMAN -hubSessionId 93b8c640-b8cd-11ed-9659-918b197515e8 -accessToken voYHpW9ZJueRSqqoi7Q6AgTX2D6Gmuhf0HRlrpf_-04009f","communication_protocol_version":"1.3.0","com.unity.ml-agents_version":"1.7.2-preview","scene_name":"Level_1","end_time_seconds":"1677743357"}}