{"count":1,"self":175.8471552,"total":178.84959469999998,"children":{"InitializeActuators":{"count":3,"self":0.0059838999999999995,"total":0.0059838999999999995,"children":null},"InitializeSensors":{"count":3,"self":0.0029920999999999997,"total":0.0029920999999999997,"children":null},"AgentSendState":{"count":8700,"self":0.1080763,"total":0.2145591,"children":{"CollectObservations":{"count":5220,"self":0.041954599999999995,"total":0.041954599999999995,"children":null},"WriteActionMask":{"count":5220,"self":0.0105909,"total":0.0105909,"children":null},"RequestDecision":{"count":5220,"self":0.043927299999999996,"total":0.0539373,"children":{"RayPerceptionSensor.Perceive":{"count":402,"self":0.01001,"total":0.01001,"children":null}}}}},"DecideAction":{"count":8700,"self":2.469899,"total":2.7069123999999998,"children":{"RayPerceptionSensor.Perceive":{"count":10038,"self":0.23701339999999999,"total":0.23701339999999999,"children":null}}},"AgentAct":{"count":8700,"self":0.0709914,"total":0.0709914,"children":null}},"gauges":{"RacingAgent.CumulativeReward":{"count":3,"max":-0.06699999,"min":-0.06699999,"runningAverage":-0.06699999,"value":-0.06699999,"weightedAverage":-0.06699999}},"metadata":{"timer_format_version":"0.1.0","start_time_seconds":"1691047124","unity_version":"2019.4.23f1","command_line_arguments":"C:\\Program Files\\Unity\\Hub\\Editor\\2019.4.23f1\\Editor\\Unity.exe -projectpath C:\\Unity Projects\\Racing Project -useHub -hubIPC -cloudEnvironment production -licensingIpc LicenseClient-PKMAN -hubSessionId 4577c23a-79d0-4348-a517-4f3beff1c8ae -accessToken jg9Qs6ch_XuE-B7qKR3RGI94bx3IZLmJWd8YUGseMcQ009f","communication_protocol_version":"1.3.0","com.unity.ml-agents_version":"1.7.2-preview","scene_name":"Level_16","end_time_seconds":"1691047303"}}