{"count":1,"self":134.63025919999998,"total":136.65838309999998,"children":{"InitializeActuators":{"count":3,"self":0.0019921,"total":0.0019921,"children":null},"InitializeSensors":{"count":3,"self":0.0020239999999999998,"total":0.0020239999999999998,"children":null},"AgentSendState":{"count":6584,"self":0.0730304,"total":0.2229949,"children":{"CollectObservations":{"count":3951,"self":0.040999299999999995,"total":0.040999299999999995,"children":null},"WriteActionMask":{"count":3951,"self":0.0119736,"total":0.0119736,"children":null},"RequestDecision":{"count":3951,"self":0.0690776,"total":0.0969916,"children":{"RayPerceptionSensor.Perceive":{"count":1584,"self":0.027913999999999998,"total":0.027913999999999998,"children":null}}}}},"DecideAction":{"count":6584,"self":1.6468873,"total":1.756117,"children":{"RayPerceptionSensor.Perceive":{"count":6318,"self":0.1092297,"total":0.1092297,"children":null}}},"AgentAct":{"count":6584,"self":0.043997999999999995,"total":0.043997999999999995,"children":null}},"gauges":{"RacingAgent.CumulativeReward":{"count":9,"max":2.13679075,"min":-0.187602028,"runningAverage":0.62432754,"value":-0.07620014,"weightedAverage":0.4437118}},"metadata":{"timer_format_version":"0.1.0","start_time_seconds":"1680714438","unity_version":"2019.4.23f1","command_line_arguments":"C:\\Program Files\\Unity\\Hub\\Editor\\2019.4.23f1\\Editor\\Unity.exe -projectpath C:\\Unity Projects\\Racing Project -useHub -hubIPC -cloudEnvironment production -licensingIpc LicenseClient-PKMAN -hubSessionId 4cf712e0-d392-11ed-90df-994b34a29740 -accessToken T6LjBbA1dyqs66csNOfedDmleBlBJ0JcqG5MoQOolds009f","communication_protocol_version":"1.3.0","com.unity.ml-agents_version":"1.7.2-preview","scene_name":"Level_1","end_time_seconds":"1680714575"}}