{"count":1,"self":119.3603328,"total":121.32318989999999,"children":{"InitializeActuators":{"count":3,"self":0.0019946,"total":0.0019946,"children":null},"InitializeSensors":{"count":3,"self":0.0029909999999999997,"total":0.0029909999999999997,"children":null},"AgentSendState":{"count":5816,"self":0.0588411,"total":0.1665789,"children":{"CollectObservations":{"count":3492,"self":0.029933599999999998,"total":0.029933599999999998,"children":null},"WriteActionMask":{"count":3492,"self":0.0099676,"total":0.0099676,"children":null},"RequestDecision":{"count":3492,"self":0.048898199999999996,"total":0.0678366,"children":{"RayPerceptionSensor.Perceive":{"count":804,"self":0.018938399999999998,"total":0.018938399999999998,"children":null}}}}},"DecideAction":{"count":5816,"self":1.5968259,"total":1.7373775,"children":{"RayPerceptionSensor.Perceive":{"count":6180,"self":0.1405516,"total":0.1405516,"children":null}}},"AgentAct":{"count":5816,"self":0.052922699999999996,"total":0.052922699999999996,"children":null}},"gauges":{"RacingAgent.CumulativeReward":{"count":3,"max":-0.133801118,"min":-0.133801118,"runningAverage":-0.133801118,"value":-0.133801118,"weightedAverage":-0.133801118}},"metadata":{"timer_format_version":"0.1.0","start_time_seconds":"1687876104","unity_version":"2019.4.23f1","command_line_arguments":"C:\\Program Files\\Unity\\Hub\\Editor\\2019.4.23f1\\Editor\\Unity.exe -projectpath C:\\Unity Projects\\Racing Project -useHub -hubIPC -cloudEnvironment production -licensingIpc LicenseClient-PKMAN -hubSessionId 2f64ac64-244b-4695-b283-8638cecacb37 -accessToken 4ahWCS8njOrGQIkdS6oB_5tbGMfXsrm17vqOQeelPuU009f","communication_protocol_version":"1.3.0","com.unity.ml-agents_version":"1.7.2-preview","scene_name":"Level_7","end_time_seconds":"1687876225"}}