{"count":1,"self":24.8660416,"total":25.2459085,"children":{"InitializeActuators":{"count":3,"self":0.0029920999999999997,"total":0.0029920999999999997,"children":null},"InitializeSensors":{"count":3,"self":0.0029836999999999997,"total":0.0029836999999999997,"children":null},"AgentSendState":{"count":1020,"self":0.0170112,"total":0.042893,"children":{"CollectObservations":{"count":612,"self":0.0079499,"total":0.0079499,"children":null},"WriteActionMask":{"count":612,"self":0.001997,"total":0.001997,"children":null},"RequestDecision":{"count":612,"self":0.0049695999999999994,"total":0.0159349,"children":{"RayPerceptionSensor.Perceive":{"count":306,"self":0.010965299999999999,"total":0.010965299999999999,"children":null}}}}},"DecideAction":{"count":1020,"self":0.3049827,"total":0.3229862,"children":{"RayPerceptionSensor.Perceive":{"count":918,"self":0.0180035,"total":0.0180035,"children":null}}},"AgentAct":{"count":1020,"self":0.0059977999999999993,"total":0.0059977999999999993,"children":null}},"gauges":{"RacingAgent.CumulativeReward":{"count":3,"max":-0.0250999648,"min":-0.0250999648,"runningAverage":-0.0250999648,"value":-0.0250999648,"weightedAverage":-0.0250999648}},"metadata":{"timer_format_version":"0.1.0","start_time_seconds":"1694015403","unity_version":"2019.4.23f1","command_line_arguments":"C:\\Program Files\\Unity\\Hub\\Editor\\2019.4.23f1\\Editor\\Unity.exe -projectpath C:\\Unity Projects\\Racing Project -useHub -hubIPC -cloudEnvironment production -licensingIpc LicenseClient-PKMAN -hubSessionId 204a593b-a9f6-4eac-8554-659bcfe916d8 -accessToken XbuVwQ1q4dXRbW6l841_FbJmWTI1XDqDd9HKrg7CJ9U009f","communication_protocol_version":"1.3.0","com.unity.ml-agents_version":"1.7.2-preview","scene_name":"Level_10","end_time_seconds":"1694015428"}}