{"count":1,"self":178.9094528,"total":182.1031094,"children":{"InitializeActuators":{"count":3,"self":0.0029920999999999997,"total":0.0029920999999999997,"children":null},"InitializeSensors":{"count":3,"self":0.0049860999999999994,"total":0.0049860999999999994,"children":null},"AgentSendState":{"count":8860,"self":0.1058566,"total":0.24385559999999998,"children":{"CollectObservations":{"count":5316,"self":0.0448972,"total":0.0448972,"children":null},"WriteActionMask":{"count":5316,"self":0.0181038,"total":0.0181038,"children":null},"RequestDecision":{"count":5316,"self":0.056033099999999995,"total":0.074998,"children":{"RayPerceptionSensor.Perceive":{"count":714,"self":0.0189649,"total":0.0189649,"children":null}}}}},"DecideAction":{"count":8860,"self":2.63157,"total":2.8609644999999997,"children":{"RayPerceptionSensor.Perceive":{"count":9918,"self":0.22939459999999998,"total":0.22939459999999998,"children":null}}},"AgentAct":{"count":8860,"self":0.079862099999999991,"total":0.079862099999999991,"children":null}},"gauges":{"RacingAgent.CumulativeReward":{"count":9,"max":1.85676563,"min":-0.06439994,"runningAverage":0.5457867,"value":-0.06439994,"weightedAverage":0.380788356}},"metadata":{"timer_format_version":"0.1.0","start_time_seconds":"1687797787","unity_version":"2019.4.23f1","command_line_arguments":"C:\\Program Files\\Unity\\Hub\\Editor\\2019.4.23f1\\Editor\\Unity.exe -projectpath C:\\Unity Projects\\Racing Project -useHub -hubIPC -cloudEnvironment production -licensingIpc LicenseClient-PKMAN -hubSessionId 2ca258ad-e138-417d-95e6-82d8ea2671af -accessToken vspY0w0yWD1L19w8GdaJr0D78UyOjluwZkLYBpu_INM009f","communication_protocol_version":"1.3.0","com.unity.ml-agents_version":"1.7.2-preview","scene_name":"Level_7","end_time_seconds":"1687797969"}}