{"count":1,"self":104.22618879999999,"total":105.92337069999999,"children":{"InitializeActuators":{"count":3,"self":0.0050139999999999994,"total":0.0050139999999999994,"children":null},"InitializeSensors":{"count":3,"self":0.0019990999999999997,"total":0.0019990999999999997,"children":null},"AgentSendState":{"count":5054,"self":0.059029099999999994,"total":0.1370768,"children":{"CollectObservations":{"count":3033,"self":0.0269952,"total":0.0269952,"children":null},"WriteActionMask":{"count":3033,"self":0.0060085999999999994,"total":0.0060085999999999994,"children":null},"RequestDecision":{"count":3033,"self":0.0340027,"total":0.0450439,"children":{"RayPerceptionSensor.Perceive":{"count":474,"self":0.0110412,"total":0.0110412,"children":null}}}}},"DecideAction":{"count":5054,"self":1.3990557,"total":1.519099,"children":{"RayPerceptionSensor.Perceive":{"count":5592,"self":0.12004329999999999,"total":0.12004329999999999,"children":null}}},"AgentAct":{"count":5054,"self":0.0329965,"total":0.0329965,"children":null}},"gauges":{"RacingAgent.CumulativeReward":{"count":3,"max":-0.03920009,"min":-0.03920009,"runningAverage":-0.03920009,"value":-0.03920009,"weightedAverage":-0.03920009}},"metadata":{"timer_format_version":"0.1.0","start_time_seconds":"1750079502","unity_version":"2019.4.23f1","command_line_arguments":"C:\\Program Files\\Unity\\Hub\\Editor\\2019.4.23f1\\Editor\\Unity.exe -projectpath C:\\Unity Projects\\Racing Project -useHub -hubIPC -cloudEnvironment production -licensingIpc LicenseClient-PKMAN -hubSessionId 79394365-2e30-4983-80c6-2246612ca6f8 -accessToken zHiuGmdnf-LA_bl88Sy7c4444LveX2oJBJ6yPUOFKBQ009f","communication_protocol_version":"1.3.0","com.unity.ml-agents_version":"1.7.2-preview","scene_name":"Level_4","end_time_seconds":"1750079608"}}