{"count":1,"self":376.4996096,"total":383.32141529999996,"children":{"InitializeActuators":{"count":3,"self":0.0020223,"total":0.0020223,"children":null},"InitializeSensors":{"count":3,"self":0.0039616999999999994,"total":0.0039616999999999994,"children":null},"AgentSendState":{"count":18923,"self":0.25749659999999996,"total":0.54409509999999994,"children":{"CollectObservations":{"count":11355,"self":0.1028346,"total":0.1028346,"children":null},"WriteActionMask":{"count":11355,"self":0.0369874,"total":0.0369874,"children":null},"RequestDecision":{"count":11355,"self":0.11977739999999999,"total":0.1467765,"children":{"RayPerceptionSensor.Perceive":{"count":990,"self":0.026999099999999998,"total":0.026999099999999998,"children":null}}}}},"DecideAction":{"count":18923,"self":5.6310912,"total":6.124743,"children":{"RayPerceptionSensor.Perceive":{"count":21720,"self":0.49365169999999997,"total":0.49365169999999997,"children":null}}},"AgentAct":{"count":18923,"self":0.1459846,"total":0.1459846,"children":null}},"gauges":{"RacingAgent.CumulativeReward":{"count":15,"max":2.57396317,"min":-0.0291999578,"runningAverage":0.925678432,"value":-0.0266999621,"weightedAverage":0.6908579}},"metadata":{"timer_format_version":"0.1.0","start_time_seconds":"1694581883","unity_version":"2019.4.23f1","command_line_arguments":"C:\\Program Files\\Unity\\Hub\\Editor\\2019.4.23f1\\Editor\\Unity.exe -projectpath C:\\Unity Projects\\Racing Project -useHub -hubIPC -cloudEnvironment production -licensingIpc LicenseClient-PKMAN -hubSessionId b59f265f-a37d-45a6-b06c-75c406f065a9 -accessToken GsYss0qSSVOOwmAq4kKNLqHJsHggAfUGtrsi4_RFTHA009f","communication_protocol_version":"1.3.0","com.unity.ml-agents_version":"1.7.2-preview","scene_name":"Level_11","end_time_seconds":"1694582266"}}