{"count":1,"self":97.627180799999991,"total":99.314185299999991,"children":{"InitializeActuators":{"count":3,"self":0.0019974999999999997,"total":0.0019974999999999997,"children":null},"InitializeSensors":{"count":3,"self":0.0029923999999999997,"total":0.0029923999999999997,"children":null},"AgentSendState":{"count":4726,"self":0.051993399999999995,"total":0.116877,"children":{"CollectObservations":{"count":2838,"self":0.0219661,"total":0.0219661,"children":null},"WriteActionMask":{"count":2838,"self":0.0070071,"total":0.0070071,"children":null},"RequestDecision":{"count":2838,"self":0.027929799999999998,"total":0.035910399999999995,"children":{"RayPerceptionSensor.Perceive":{"count":384,"self":0.0079806,"total":0.0079806,"children":null}}}}},"DecideAction":{"count":4726,"self":1.4060883,"total":1.5231673,"children":{"RayPerceptionSensor.Perceive":{"count":5292,"self":0.11707899999999999,"total":0.11707899999999999,"children":null}}},"AgentAct":{"count":4726,"self":0.040971,"total":0.040971,"children":null}},"gauges":{"RacingAgent.CumulativeReward":{"count":3,"max":-0.06319992,"min":-0.06319992,"runningAverage":-0.06319992,"value":-0.06319992,"weightedAverage":-0.06319992}},"metadata":{"timer_format_version":"0.1.0","start_time_seconds":"1680090116","unity_version":"2019.4.23f1","command_line_arguments":"C:\\Program Files\\Unity\\Hub\\Editor\\2019.4.23f1\\Editor\\Unity.exe -projectpath C:\\Unity Projects\\Racing Project -useHub -hubIPC -cloudEnvironment production -licensingIpc LicenseClient-PKMAN -hubSessionId 6bcce010-ce14-11ed-9e0b-d5c6461eb7b4 -accessToken 4_idXea-v7YxPfwDp5H9_wMMJoEw0Eel0nmJlVbwdXg009f","communication_protocol_version":"1.3.0","com.unity.ml-agents_version":"1.7.2-preview","scene_name":"Level_4","end_time_seconds":"1680090215"}}