{"count":1,"self":131.38464,"total":133.62975459999998,"children":{"InitializeActuators":{"count":3,"self":0.0070130999999999995,"total":0.0070130999999999995,"children":null},"InitializeSensors":{"count":3,"self":0.0029858999999999997,"total":0.0029858999999999997,"children":null},"AgentSendState":{"count":6443,"self":0.0746546,"total":0.17152779999999998,"children":{"CollectObservations":{"count":3867,"self":0.0350114,"total":0.0350114,"children":null},"WriteActionMask":{"count":3867,"self":0.0049897,"total":0.0049897,"children":null},"RequestDecision":{"count":3867,"self":0.0459011,"total":0.056872099999999995,"children":{"RayPerceptionSensor.Perceive":{"count":336,"self":0.010971,"total":0.010971,"children":null}}}}},"DecideAction":{"count":6443,"self":1.831594,"total":2.0146786,"children":{"RayPerceptionSensor.Perceive":{"count":7398,"self":0.18308449999999998,"total":0.18308449999999998,"children":null}}},"AgentAct":{"count":6443,"self":0.047909099999999996,"total":0.047909099999999996,"children":null}},"gauges":{"RacingAgent.CumulativeReward":{"count":3,"max":-0.02789996,"min":-0.02789996,"runningAverage":-0.02789996,"value":-0.02789996,"weightedAverage":-0.02789996}},"metadata":{"timer_format_version":"0.1.0","start_time_seconds":"1750240256","unity_version":"2019.4.23f1","command_line_arguments":"C:\\Program Files\\Unity\\Hub\\Editor\\2019.4.23f1\\Editor\\Unity.exe -projectpath C:\\Unity Projects\\Racing Project -useHub -hubIPC -cloudEnvironment production -licensingIpc LicenseClient-PKMAN -hubSessionId efcb0ed8-4065-4f8a-8d1c-26463f8b5b4c -accessToken C81gs9eSwN_bCRQpI_RJvBdwhY_6TIEdvoqXIr30o1c009f","communication_protocol_version":"1.3.0","com.unity.ml-agents_version":"1.7.2-preview","scene_name":"Level_7","end_time_seconds":"1750240390"}}