{"count":1,"self":29.933427199999997,"total":30.380140599999997,"children":{"InitializeActuators":{"count":3,"self":0.0029906,"total":0.0029906,"children":null},"InitializeSensors":{"count":3,"self":0.0019944999999999997,"total":0.0019944999999999997,"children":null},"AgentSendState":{"count":1286,"self":0.018942999999999998,"total":0.0458878,"children":{"CollectObservations":{"count":774,"self":0.0069955999999999994,"total":0.0069955999999999994,"children":null},"WriteActionMask":{"count":774,"self":0.0039916,"total":0.0039916,"children":null},"RequestDecision":{"count":774,"self":0.0079837,"total":0.0159576,"children":{"RayPerceptionSensor.Perceive":{"count":348,"self":0.007973899999999999,"total":0.007973899999999999,"children":null}}}}},"DecideAction":{"count":1286,"self":0.3568748,"total":0.38487,"children":{"RayPerceptionSensor.Perceive":{"count":1200,"self":0.027995199999999998,"total":0.027995199999999998,"children":null}}},"AgentAct":{"count":1286,"self":0.0089747,"total":0.0089747,"children":null}},"gauges":{"RacingAgent.CumulativeReward":{"count":3,"max":-0.0577999167,"min":-0.0577999167,"runningAverage":-0.0577999167,"value":-0.0577999167,"weightedAverage":-0.0577999167}},"metadata":{"timer_format_version":"0.1.0","start_time_seconds":"1687685660","unity_version":"2019.4.23f1","command_line_arguments":"C:\\Program Files\\Unity\\Hub\\Editor\\2019.4.23f1\\Editor\\Unity.exe -projectpath C:\\Unity Projects\\Racing Project -useHub -hubIPC -cloudEnvironment production -licensingIpc LicenseClient-PKMAN -hubSessionId 53e1f1e3-0ab9-4983-86ba-fd24f2ade945 -accessToken cAh571Pcno8aJm_ezAj2pIjfHQQRGHe3aLtN88Kc75Y009f","communication_protocol_version":"1.3.0","com.unity.ml-agents_version":"1.7.2-preview","scene_name":"Level_6","end_time_seconds":"1687685690"}}