{"count":1,"self":169.62207999999998,"total":172.52723939999998,"children":{"InitializeActuators":{"count":3,"self":0.0019955,"total":0.0019955,"children":null},"InitializeSensors":{"count":3,"self":0.0029927,"total":0.0029927,"children":null},"AgentSendState":{"count":8388,"self":0.10691189999999999,"total":0.2248164,"children":{"CollectObservations":{"count":5034,"self":0.0460459,"total":0.0460459,"children":null},"WriteActionMask":{"count":5034,"self":0.011975399999999999,"total":0.011975399999999999,"children":null},"RequestDecision":{"count":5034,"self":0.0479101,"total":0.0598832,"children":{"RayPerceptionSensor.Perceive":{"count":354,"self":0.011973099999999999,"total":0.011973099999999999,"children":null}}}}},"DecideAction":{"count":8388,"self":2.3990716,"total":2.6044769,"children":{"RayPerceptionSensor.Perceive":{"count":9714,"self":0.20540529999999999,"total":0.20540529999999999,"children":null}}},"AgentAct":{"count":8388,"self":0.069883199999999993,"total":0.069883199999999993,"children":null}},"gauges":{"RacingAgent.CumulativeReward":{"count":3,"max":-0.0293999575,"min":-0.0293999575,"runningAverage":-0.0293999575,"value":-0.0293999575,"weightedAverage":-0.0293999575}},"metadata":{"timer_format_version":"0.1.0","start_time_seconds":"1694782115","unity_version":"2019.4.23f1","command_line_arguments":"C:\\Program Files\\Unity\\Hub\\Editor\\2019.4.23f1\\Editor\\Unity.exe -projectpath C:\\Unity Projects\\Racing Project -useHub -hubIPC -cloudEnvironment production -licensingIpc LicenseClient-PKMAN -hubSessionId bac39387-233f-4a42-8fff-0919ffec173a -accessToken Qwfme-r8wkBGTJ1A8QX4jQ55WKyMnCAmG6ZIsy5O6CE009f","communication_protocol_version":"1.3.0","com.unity.ml-agents_version":"1.7.2-preview","scene_name":"Level_12","end_time_seconds":"1694782287"}}