{"count":1,"self":180.15813119999999,"total":183.2763803,"children":{"InitializeActuators":{"count":3,"self":0.0019944999999999997,"total":0.0019944999999999997,"children":null},"InitializeSensors":{"count":3,"self":0.0030191,"total":0.0030191,"children":null},"AgentSendState":{"count":8892,"self":0.1208995,"total":0.2311995,"children":{"CollectObservations":{"count":5337,"self":0.043961299999999995,"total":0.043961299999999995,"children":null},"WriteActionMask":{"count":5337,"self":0.010024199999999999,"total":0.010024199999999999,"children":null},"RequestDecision":{"count":5337,"self":0.048925199999999995,"total":0.056314499999999997,"children":{"RayPerceptionSensor.Perceive":{"count":372,"self":0.0073893,"total":0.0073893,"children":null}}}}},"DecideAction":{"count":8892,"self":2.5147985999999998,"total":2.7812267999999998,"children":{"RayPerceptionSensor.Perceive":{"count":10302,"self":0.2664282,"total":0.2664282,"children":null}}},"AgentAct":{"count":8892,"self":0.099812,"total":0.099812,"children":null}},"gauges":{"RacingAgent.CumulativeReward":{"count":3,"max":-0.06119991,"min":-0.06119991,"runningAverage":-0.06119991,"value":-0.06119991,"weightedAverage":-0.06119991}},"metadata":{"timer_format_version":"0.1.0","start_time_seconds":"1686841517","unity_version":"2019.4.23f1","command_line_arguments":"C:\\Program Files\\Unity\\Hub\\Editor\\2019.4.23f1\\Editor\\Unity.exe -projectpath C:\\Unity Projects\\Racing Project -useHub -hubIPC -cloudEnvironment production -licensingIpc LicenseClient-PKMAN -hubSessionId b17c176d-0e8c-424e-9634-bfbcac2b950f -accessToken Iy5lkoIMzqNbVmVRSiY6ndhEJqjNzhxaEwVLjWc5mIE009f","communication_protocol_version":"1.3.0","com.unity.ml-agents_version":"1.7.2-preview","scene_name":"Level_5","end_time_seconds":"1686841701"}}