{"count":1,"self":89.7441024,"total":91.1711412,"children":{"InitializeActuators":{"count":3,"self":0.0019947999999999997,"total":0.0019947999999999997,"children":null},"InitializeSensors":{"count":3,"self":0.0030185,"total":0.0030185,"children":null},"AgentSendState":{"count":4317,"self":0.041988,"total":0.1029054,"children":{"CollectObservations":{"count":2592,"self":0.0159709,"total":0.0159709,"children":null},"WriteActionMask":{"count":2592,"self":0.007999899999999999,"total":0.007999899999999999,"children":null},"RequestDecision":{"count":2592,"self":0.0229509,"total":0.036946599999999996,"children":{"RayPerceptionSensor.Perceive":{"count":498,"self":0.0139957,"total":0.0139957,"children":null}}}}},"DecideAction":{"count":4317,"self":1.2031774,"total":1.2931458999999998,"children":{"RayPerceptionSensor.Perceive":{"count":4686,"self":0.089968499999999993,"total":0.089968499999999993,"children":null}}},"AgentAct":{"count":4317,"self":0.024974299999999998,"total":0.024974299999999998,"children":null}},"gauges":{"RacingAgent.CumulativeReward":{"count":3,"max":-0.0413001254,"min":-0.0413001254,"runningAverage":-0.0413001254,"value":-0.0413001254,"weightedAverage":-0.0413001254}},"metadata":{"timer_format_version":"0.1.0","start_time_seconds":"1692167136","unity_version":"2019.4.23f1","command_line_arguments":"C:\\Program Files\\Unity\\Hub\\Editor\\2019.4.23f1\\Editor\\Unity.exe -projectpath C:\\Unity Projects\\Racing Project -useHub -hubIPC -cloudEnvironment production -licensingIpc LicenseClient-PKMAN -hubSessionId b9bc4c30-d00d-41ae-b571-576bc03d9afc -accessToken bsVD5rUGnF99gGuIZF3_UoHRYrOGFkST6P1lQuADu-Q009f","communication_protocol_version":"1.3.0","com.unity.ml-agents_version":"1.7.2-preview","scene_name":"Level_5","end_time_seconds":"1692167227"}}