{"count":1,"self":102.2839808,"total":104.01848939999999,"children":{"InitializeActuators":{"count":3,"self":0.0019936999999999997,"total":0.0019936999999999997,"children":null},"InitializeSensors":{"count":3,"self":0.0029912999999999997,"total":0.0029912999999999997,"children":null},"AgentSendState":{"count":4972,"self":0.058936199999999994,"total":0.13698929999999998,"children":{"CollectObservations":{"count":2985,"self":0.025980399999999997,"total":0.025980399999999997,"children":null},"WriteActionMask":{"count":2985,"self":0.0080030999999999991,"total":0.0080030999999999991,"children":null},"RequestDecision":{"count":2985,"self":0.0380814,"total":0.0440696,"children":{"RayPerceptionSensor.Perceive":{"count":330,"self":0.0059882,"total":0.0059882,"children":null}}}}},"DecideAction":{"count":4972,"self":1.4294012,"total":1.5505057999999998,"children":{"RayPerceptionSensor.Perceive":{"count":5640,"self":0.12110459999999999,"total":0.12110459999999999,"children":null}}},"AgentAct":{"count":4972,"self":0.040034799999999995,"total":0.040034799999999995,"children":null}},"gauges":{"RacingAgent.CumulativeReward":{"count":3,"max":-0.0272999611,"min":-0.0272999611,"runningAverage":-0.0272999611,"value":-0.0272999611,"weightedAverage":-0.0272999611}},"metadata":{"timer_format_version":"0.1.0","start_time_seconds":"1750769913","unity_version":"2019.4.23f1","command_line_arguments":"C:\\Program Files\\Unity\\Hub\\Editor\\2019.4.23f1\\Editor\\Unity.exe -projectpath C:\\Unity Projects\\Racing Project -useHub -hubIPC -cloudEnvironment production -licensingIpc LicenseClient-PKMAN -hubSessionId 8b2ce125-1393-4977-98e6-a629a0f649d6 -accessToken eOgKU0tfhkdoZ77xYG9kQDFeeVjtrVUg8zMOL1BF1VE009f","communication_protocol_version":"1.3.0","com.unity.ml-agents_version":"1.7.2-preview","scene_name":"Level_9","end_time_seconds":"1750770017"}}