{"count":1,"self":30.447478399999998,"total":30.873578199999997,"children":{"InitializeActuators":{"count":3,"self":0.0019979999999999998,"total":0.0019979999999999998,"children":null},"InitializeSensors":{"count":3,"self":0.0029920999999999997,"total":0.0029920999999999997,"children":null},"AgentSendState":{"count":1296,"self":0.016932,"total":0.0579957,"children":{"CollectObservations":{"count":780,"self":0.0079807,"total":0.0079807,"children":null},"WriteActionMask":{"count":780,"self":0.0020173,"total":0.0020173,"children":null},"RequestDecision":{"count":780,"self":0.0129745,"total":0.031065699999999998,"children":{"RayPerceptionSensor.Perceive":{"count":492,"self":0.018091199999999998,"total":0.018091199999999998,"children":null}}}}},"DecideAction":{"count":1296,"self":0.33510239999999997,"total":0.35511329999999997,"children":{"RayPerceptionSensor.Perceive":{"count":1068,"self":0.020010899999999998,"total":0.020010899999999998,"children":null}}},"AgentAct":{"count":1296,"self":0.0070044999999999994,"total":0.0070044999999999994,"children":null}},"gauges":{"RacingAgent.CumulativeReward":{"count":3,"max":-0.08180024,"min":-0.08180024,"runningAverage":-0.08180024,"value":-0.08180024,"weightedAverage":-0.08180024}},"metadata":{"timer_format_version":"0.1.0","start_time_seconds":"1680699709","unity_version":"2019.4.23f1","command_line_arguments":"C:\\Program Files\\Unity\\Hub\\Editor\\2019.4.23f1\\Editor\\Unity.exe -projectpath C:\\Unity Projects\\Racing Project -useHub -hubIPC -cloudEnvironment production -licensingIpc LicenseClient-PKMAN -hubSessionId 4cf712e0-d392-11ed-90df-994b34a29740 -accessToken T6LjBbA1dyqs66csNOfedDmleBlBJ0JcqG5MoQOolds009f","communication_protocol_version":"1.3.0","com.unity.ml-agents_version":"1.7.2-preview","scene_name":"Level_4","end_time_seconds":"1680699739"}}