{"count":1,"self":210.5701632,"total":214.29447539999998,"children":{"InitializeActuators":{"count":3,"self":0.0019946,"total":0.0019946,"children":null},"InitializeSensors":{"count":3,"self":0.0029923999999999997,"total":0.0029923999999999997,"children":null},"AgentSendState":{"count":10463,"self":0.1432805,"total":0.301517,"children":{"CollectObservations":{"count":6279,"self":0.051955299999999996,"total":0.051955299999999996,"children":null},"WriteActionMask":{"count":6279,"self":0.011106999999999999,"total":0.011106999999999999,"children":null},"RequestDecision":{"count":6279,"self":0.0741238,"total":0.0951742,"children":{"RayPerceptionSensor.Perceive":{"count":792,"self":0.0210504,"total":0.0210504,"children":null}}}}},"DecideAction":{"count":10463,"self":3.0315924,"total":3.3186057,"children":{"RayPerceptionSensor.Perceive":{"count":11766,"self":0.28701329999999997,"total":0.28701329999999997,"children":null}}},"AgentAct":{"count":10463,"self":0.098208999999999991,"total":0.098208999999999991,"children":null}},"gauges":{"RacingAgent.CumulativeReward":{"count":9,"max":1.71697056,"min":-0.07840018,"runningAverage":0.490695268,"value":-0.0529999249,"weightedAverage":0.351883382}},"metadata":{"timer_format_version":"0.1.0","start_time_seconds":"1679550104","unity_version":"2019.4.23f1","command_line_arguments":"C:\\Program Files\\Unity\\Hub\\Editor\\2019.4.23f1\\Editor\\Unity.exe -projectpath C:\\Unity Projects\\Racing Project -useHub -hubIPC -cloudEnvironment production -licensingIpc LicenseClient-PKMAN -hubSessionId 0eb0f6e0-c93d-11ed-9e4a-07564636a032 -accessToken CXwOM-Rg956RIEKpP7FRYvRDffQOwMkP71QJYBS_ONk009f","communication_protocol_version":"1.3.0","com.unity.ml-agents_version":"1.7.2-preview","scene_name":"Level_2","end_time_seconds":"1679550318"}}