{"count":1,"self":346.9690112,"total":352.99735499999997,"children":{"InitializeActuators":{"count":3,"self":0.0029919,"total":0.0029919,"children":null},"InitializeSensors":{"count":3,"self":0.0029595999999999997,"total":0.0029595999999999997,"children":null},"AgentSendState":{"count":17403,"self":0.1912894,"total":0.45982779999999995,"children":{"CollectObservations":{"count":10443,"self":0.0816957,"total":0.0816957,"children":null},"WriteActionMask":{"count":10443,"self":0.027005599999999998,"total":0.027005599999999998,"children":null},"RequestDecision":{"count":10443,"self":0.13186979999999998,"total":0.15983709999999998,"children":{"RayPerceptionSensor.Perceive":{"count":1128,"self":0.027967299999999997,"total":0.027967299999999997,"children":null}}}}},"DecideAction":{"count":17403,"self":4.9633328,"total":5.4387604,"children":{"RayPerceptionSensor.Perceive":{"count":19758,"self":0.4754276,"total":0.4754276,"children":null}}},"AgentAct":{"count":17403,"self":0.1228123,"total":0.1228123,"children":null}},"gauges":{"RacingAgent.CumulativeReward":{"count":15,"max":2.94753575,"min":-0.0420001373,"runningAverage":1.0357846,"value":-0.024399966,"weightedAverage":0.7623916}},"metadata":{"timer_format_version":"0.1.0","start_time_seconds":"1692252392","unity_version":"2019.4.23f1","command_line_arguments":"C:\\Program Files\\Unity\\Hub\\Editor\\2019.4.23f1\\Editor\\Unity.exe -projectpath C:\\Unity Projects\\Racing Project -useHub -hubIPC -cloudEnvironment production -licensingIpc LicenseClient-PKMAN -hubSessionId e2edc6ce-db16-463d-965b-1c128eed51a8 -accessToken 0PHYkiUeEBBMChUpptINAOE5USpFgvjOuQ__j-34TZc009f","communication_protocol_version":"1.3.0","com.unity.ml-agents_version":"1.7.2-preview","scene_name":"Level_6","end_time_seconds":"1692252745"}}