{"count":1,"self":219.8368256,"total":223.4599494,"children":{"InitializeActuators":{"count":9,"self":0.0019946,"total":0.0019946,"children":null},"InitializeSensors":{"count":9,"self":0.0029901999999999997,"total":0.0029901999999999997,"children":null},"AgentSendState":{"count":10927,"self":0.1439703,"total":0.33128019999999997,"children":{"CollectObservations":{"count":6558,"self":0.0428838,"total":0.0428838,"children":null},"WriteActionMask":{"count":6558,"self":0.012079399999999999,"total":0.012079399999999999,"children":null},"RequestDecision":{"count":6558,"self":0.0922067,"total":0.13234669999999998,"children":{"RayPerceptionSensor.Perceive":{"count":1656,"self":0.040139999999999995,"total":0.040139999999999995,"children":null}}}}},"DecideAction":{"count":10927,"self":2.9365807999999998,"total":3.2070673,"children":{"RayPerceptionSensor.Perceive":{"count":11460,"self":0.27048639999999996,"total":0.27048639999999996,"children":null}}},"AgentAct":{"count":10927,"self":0.0787865,"total":0.0787865,"children":null}},"gauges":{"RacingAgent.CumulativeReward":{"count":9,"max":-0.05599992,"min":-0.163001612,"runningAverage":-0.0920004845,"value":-0.0569999181,"weightedAverage":-0.0756220445}},"metadata":{"timer_format_version":"0.1.0","start_time_seconds":"1680436673","unity_version":"2019.4.23f1","command_line_arguments":"C:\\Program Files\\Unity\\Hub\\Editor\\2019.4.23f1\\Editor\\Unity.exe -projectpath C:\\Unity Projects\\Racing Project -useHub -hubIPC -cloudEnvironment production -licensingIpc LicenseClient-PKMAN -hubSessionId a59819f0-d124-11ed-8119-258e5b0c9f69 -accessToken r8ebZMNH9X2PA2pd3ipV5y-ij8KeId4EVHL1y8MBgVQ009f","communication_protocol_version":"1.3.0","com.unity.ml-agents_version":"1.7.2-preview","scene_name":"Level_3","end_time_seconds":"1680436896"}}