{"count":1,"self":32.3562528,"total":32.5129558,"children":{"InitializeActuators":{"count":3,"self":0.0050193999999999994,"total":0.0050193999999999994,"children":null},"InitializeSensors":{"count":3,"self":0.0019942,"total":0.0019942,"children":null},"AgentSendState":{"count":1395,"self":0.021030999999999998,"total":0.0847661,"children":{"CollectObservations":{"count":837,"self":0.0120016,"total":0.0120016,"children":null},"WriteActionMask":{"count":837,"self":0.0030123999999999997,"total":0.0030123999999999997,"children":null},"RequestDecision":{"count":837,"self":0.025047,"total":0.048721099999999996,"children":{"RayPerceptionSensor.Perceive":{"count":1674,"self":0.0236741,"total":0.0236741,"children":null}}}}},"DecideAction":{"count":1395,"self":0.050982299999999994,"total":0.050982299999999994,"children":null},"AgentAct":{"count":1395,"self":0.012943699999999999,"total":0.012943699999999999,"children":null}},"gauges":{},"metadata":{"timer_format_version":"0.1.0","start_time_seconds":"1680554883","unity_version":"2019.4.23f1","command_line_arguments":"C:\\Program Files\\Unity\\Hub\\Editor\\2019.4.23f1\\Editor\\Unity.exe -projectpath C:\\Unity Projects\\Racing Project -useHub -hubIPC -cloudEnvironment production -licensingIpc LicenseClient-PKMAN -hubSessionId 6f1819e0-d23a-11ed-8171-ab9a8dfbfa94 -accessToken e8hfO4MLi8UN26mWfpP5OS6AjEqEaofc8FBLpjuAP4w009f","communication_protocol_version":"1.3.0","com.unity.ml-agents_version":"1.7.2-preview","scene_name":"Level_3","end_time_seconds":"1680554916"}}