{"count":1,"self":170.62143999999998,"total":173.4031881,"children":{"InitializeActuators":{"count":3,"self":0.0019944999999999997,"total":0.0019944999999999997,"children":null},"InitializeSensors":{"count":3,"self":0.0029917999999999998,"total":0.0029917999999999998,"children":null},"AgentSendState":{"count":8434,"self":0.1120152,"total":0.23773709999999998,"children":{"CollectObservations":{"count":4920,"self":0.044889399999999996,"total":0.044889399999999996,"children":null},"WriteActionMask":{"count":4920,"self":0.014021899999999999,"total":0.014021899999999999,"children":null},"RequestDecision":{"count":4920,"self":0.042842,"total":0.0668106,"children":{"RayPerceptionSensor.Perceive":{"count":678,"self":0.0239686,"total":0.0239686,"children":null}}}}},"DecideAction":{"count":8434,"self":2.2570623999999997,"total":2.4879491,"children":{"RayPerceptionSensor.Perceive":{"count":9162,"self":0.2308868,"total":0.2308868,"children":null}}},"AgentAct":{"count":8434,"self":0.0500749,"total":0.0500749,"children":null}},"gauges":{"RacingAgent.CumulativeReward":{"count":9,"max":2.18993735,"min":-0.06479995,"runningAverage":0.6869573,"value":-0.047599934,"weightedAverage":0.48979336}},"metadata":{"timer_format_version":"0.1.0","start_time_seconds":"1682858959","unity_version":"2019.4.23f1","command_line_arguments":"C:\\Program Files\\Unity\\Hub\\Editor\\2019.4.23f1\\Editor\\Unity.exe -projectpath C:\\Unity Projects\\Racing Project -useHub -hubIPC -cloudEnvironment production -licensingIpc LicenseClient-PKMAN -hubSessionId 5da69192-79cb-4aad-a56a-ae14fc75a162 -accessToken 0bj2qVTiQfziSWiCHxBcE62pL8idBCIjRy-F_ntMV68009f","communication_protocol_version":"1.3.0","com.unity.ml-agents_version":"1.7.2-preview","scene_name":"MainMenu","end_time_seconds":"1682859132"}}