{"count":1,"self":54.540076799999994,"total":55.3326249,"children":{"InitializeActuators":{"count":3,"self":0.0039911999999999994,"total":0.0039911999999999994,"children":null},"InitializeSensors":{"count":3,"self":0.0029922,"total":0.0029922,"children":null},"AgentSendState":{"count":2496,"self":0.0309842,"total":0.08099329999999999,"children":{"CollectObservations":{"count":1377,"self":0.019011999999999998,"total":0.019011999999999998,"children":null},"WriteActionMask":{"count":1377,"self":0.0029953,"total":0.0029953,"children":null},"RequestDecision":{"count":1377,"self":0.018982,"total":0.0280018,"children":{"RayPerceptionSensor.Perceive":{"count":330,"self":0.0090198,"total":0.0090198,"children":null}}}}},"DecideAction":{"count":2496,"self":0.6366712,"total":0.6876166,"children":{"RayPerceptionSensor.Perceive":{"count":2424,"self":0.050945399999999995,"total":0.050945399999999995,"children":null}}},"AgentAct":{"count":2496,"self":0.015980599999999998,"total":0.015980599999999998,"children":null}},"gauges":{"RacingAgent.CumulativeReward":{"count":3,"max":-0.02749996,"min":-0.02749996,"runningAverage":-0.02749996,"value":-0.02749996,"weightedAverage":-0.02749996}},"metadata":{"timer_format_version":"0.1.0","start_time_seconds":"1751018355","unity_version":"2019.4.23f1","command_line_arguments":"C:\\Program Files\\Unity\\Hub\\Editor\\2019.4.23f1\\Editor\\Unity.exe -projectpath C:\\Unity Projects\\Racing Project -useHub -hubIPC -cloudEnvironment production -licensingIpc LicenseClient-PKMAN -hubSessionId 64f9784a-1184-46cf-bbc0-c95947835e35 -accessToken C0r0A6nTDJDX6yCqcdE2OZMPARk2AX5fShyDIn1vMZw009f","communication_protocol_version":"1.3.0","com.unity.ml-agents_version":"1.7.2-preview","scene_name":"MainMenu","end_time_seconds":"1751018411"}}