{"count":1,"self":69.548006399999991,"total":70.4627478,"children":{"InitializeActuators":{"count":3,"self":0.0019952999999999998,"total":0.0019952999999999998,"children":null},"InitializeSensors":{"count":3,"self":0.0040108,"total":0.0040108,"children":null},"AgentSendState":{"count":2778,"self":0.036002599999999996,"total":0.1029416,"children":{"CollectObservations":{"count":1668,"self":0.013974299999999999,"total":0.013974299999999999,"children":null},"WriteActionMask":{"count":1668,"self":0.0079829999999999988,"total":0.0079829999999999988,"children":null},"RequestDecision":{"count":1668,"self":0.0259793,"total":0.0449817,"children":{"RayPerceptionSensor.Perceive":{"count":654,"self":0.0190024,"total":0.0190024,"children":null}}}}},"DecideAction":{"count":2778,"self":0.74889489999999992,"total":0.79382409999999992,"children":{"RayPerceptionSensor.Perceive":{"count":2682,"self":0.044929199999999996,"total":0.044929199999999996,"children":null}}},"AgentAct":{"count":2778,"self":0.0119726,"total":0.0119726,"children":null}},"gauges":{"RacingAgent.CumulativeReward":{"count":3,"max":-0.0541003421,"min":-0.0541003421,"runningAverage":-0.0541003421,"value":-0.0541003421,"weightedAverage":-0.0541003421}},"metadata":{"timer_format_version":"0.1.0","start_time_seconds":"1749895009","unity_version":"2019.4.23f1","command_line_arguments":"C:\\Program Files\\Unity\\Hub\\Editor\\2019.4.23f1\\Editor\\Unity.exe -projectpath C:\\Unity Projects\\Racing Project -useHub -hubIPC -cloudEnvironment production -licensingIpc LicenseClient-PKMAN -hubSessionId c2013d62-4425-4e91-8fa8-5b4b7f16294f -accessToken e-pS8DjCYEGm9Jt_-F3-RJczYOx2TfL8FpHLZQ6Q-dc009f","communication_protocol_version":"1.3.0","com.unity.ml-agents_version":"1.7.2-preview","scene_name":"MainMenu","end_time_seconds":"1749895079"}}