{"count":1,"self":14619.4989056,"total":14636.0569789,"children":{"InitializeActuators":{"count":24,"self":0.0029573,"total":0.0029573,"children":null},"InitializeSensors":{"count":24,"self":0.0039924999999999995,"total":0.0039924999999999995,"children":null},"AgentSendState":{"count":65401,"self":0.7202261,"total":1.5586426999999998,"children":{"CollectObservations":{"count":29571,"self":0.2757828,"total":0.2757828,"children":null},"WriteActionMask":{"count":29571,"self":0.066448899999999991,"total":0.066448899999999991,"children":null},"RequestDecision":{"count":29571,"self":0.360486,"total":0.4961849,"children":{"RayPerceptionSensor.Perceive":{"count":5928,"self":0.13569889999999998,"total":0.13569889999999998,"children":null}}}}},"DecideAction":{"count":65401,"self":13.364772799999999,"total":14.589518799999999,"children":{"RayPerceptionSensor.Perceive":{"count":53214,"self":1.2247457,"total":1.2247457,"children":null}}},"AgentAct":{"count":65401,"self":0.4033148,"total":0.4033148,"children":null}},"gauges":{"RacingAgent.CumulativeReward":{"count":24,"max":-0.03319999,"min":-0.1225015,"runningAverage":-0.0616504736,"value":-0.07410068,"weightedAverage":-0.07463698}},"metadata":{"timer_format_version":"0.1.0","start_time_seconds":"1749820213","unity_version":"2019.4.23f1","command_line_arguments":"C:\\Program Files\\Unity\\Hub\\Editor\\2019.4.23f1\\Editor\\Unity.exe -projectpath C:\\Unity Projects\\Racing Project -useHub -hubIPC -cloudEnvironment production -licensingIpc LicenseClient-PKMAN -hubSessionId bf23fc2d-ba6f-4d7d-a86c-a22a5d8a0689 -accessToken FX76ItF4ZpkxCEsQM-X0eo87l9S94DRAHfRrrFV28m8009f","communication_protocol_version":"1.3.0","com.unity.ml-agents_version":"1.7.2-preview","scene_name":"MainMenu","end_time_seconds":"1749834849"}}