{"count":1,"self":401.705216,"total":408.6344355,"children":{"InitializeActuators":{"count":3,"self":0.0019938,"total":0.0019938,"children":null},"InitializeSensors":{"count":3,"self":0.0030142,"total":0.0030142,"children":null},"AgentSendState":{"count":20171,"self":0.2395697,"total":0.52981309999999993,"children":{"CollectObservations":{"count":12057,"self":0.10961649999999999,"total":0.10961649999999999,"children":null},"WriteActionMask":{"count":12057,"self":0.027955599999999997,"total":0.027955599999999997,"children":null},"RequestDecision":{"count":12057,"self":0.1336733,"total":0.15267129999999998,"children":{"RayPerceptionSensor.Perceive":{"count":948,"self":0.018997999999999998,"total":0.018997999999999998,"children":null}}}}},"DecideAction":{"count":20171,"self":5.6828632,"total":6.2325151,"children":{"RayPerceptionSensor.Perceive":{"count":23166,"self":0.549652,"total":0.549652,"children":null}}},"AgentAct":{"count":20171,"self":0.16089599999999998,"total":0.16089599999999998,"children":null}},"gauges":{"RacingAgent.CumulativeReward":{"count":9,"max":4.22095871,"min":-0.05280032,"runningAverage":1.30832076,"value":-0.025599964,"weightedAverage":0.9591479}},"metadata":{"timer_format_version":"0.1.0","start_time_seconds":"1694781627","unity_version":"2019.4.23f1","command_line_arguments":"C:\\Program Files\\Unity\\Hub\\Editor\\2019.4.23f1\\Editor\\Unity.exe -projectpath C:\\Unity Projects\\Racing Project -useHub -hubIPC -cloudEnvironment production -licensingIpc LicenseClient-PKMAN -hubSessionId bac39387-233f-4a42-8fff-0919ffec173a -accessToken Qwfme-r8wkBGTJ1A8QX4jQ55WKyMnCAmG6ZIsy5O6CE009f","communication_protocol_version":"1.3.0","com.unity.ml-agents_version":"1.7.2-preview","scene_name":"MainMenu","end_time_seconds":"1694782036"}}