{"count":1,"self":5525.8632192,"total":19689.9221109,"children":{"InitializeActuators":{"count":48,"self":0.0019947,"total":0.0019947,"children":null},"InitializeSensors":{"count":48,"self":0.0039892999999999994,"total":0.0039892999999999994,"children":null},"AgentSendState":{"count":2083651,"self":192.65698559999998,"total":2908.6329431999998,"children":{"CollectObservations":{"count":20003088,"self":135.8734848,"total":135.8734802,"children":null},"WriteActionMask":{"count":20003088,"self":45.6409952,"total":45.640996,"children":null},"RequestDecision":{"count":20003088,"self":260.3494144,"total":2534.4614797,"children":{"AgentInfo.ToProto":{"count":20003088,"self":111.87544319999999,"total":2274.1120729,"children":{"GenerateSensorData":{"count":20003088,"self":1265.4168064,"total":2162.2366236,"children":{"RayPerceptionSensor.Perceive":{"count":40006176,"self":896.81981439999993,"total":896.8198364,"children":null}}}}}}}}},"DecideAction":{"count":2083651,"self":11157.974220799999,"total":11157.9745497,"children":null},"AgentAct":{"count":2083651,"self":88.598463999999993,"total":88.7280969,"children":{"AgentInfo.ToProto":{"count":945,"self":0.0069803,"total":0.1296302,"children":{"GenerateSensorData":{"count":945,"self":0.0698574,"total":0.12264989999999999,"children":{"RayPerceptionSensor.Perceive":{"count":1890,"self":0.0527925,"total":0.0527925,"children":null}}}}}}},"AgentInfo.ToProto":{"count":56372,"self":0.81734129999999994,"total":8.7165035,"children":{"GenerateSensorData":{"count":56372,"self":4.5297936,"total":7.8991621999999992,"children":{"RayPerceptionSensor.Perceive":{"count":112744,"self":3.3693687999999997,"total":3.3693686,"children":null}}}}}},"gauges":{"RacingAgent.CumulativeReward":{"count":57317,"max":0.801009655,"min":-2.500112,"runningAverage":0.6436777,"value":0.725016534,"weightedAverage":0.675799131}},"metadata":{"timer_format_version":"0.1.0","start_time_seconds":"1687621849","unity_version":"2019.4.23f1","command_line_arguments":"C:\\Program Files\\Unity\\Hub\\Editor\\2019.4.23f1\\Editor\\Unity.exe -projectpath C:\\Unity Projects\\Racing Project -useHub -hubIPC -cloudEnvironment production -licensingIpc LicenseClient-PKMAN -hubSessionId 7783f942-8876-42b2-a65e-fdda0efa8c5c -accessToken 60tPp9vvC0gbs1wFvLK98uBs4fM5OE4ybML8xfI_71Y009f","communication_protocol_version":"1.3.0","com.unity.ml-agents_version":"1.7.2-preview","scene_name":"MLArena","end_time_seconds":"1687641539"}}