{"count":1,"self":5130.1216256,"total":18117.383885,"children":{"InitializeActuators":{"count":64,"self":0.0049865,"total":0.0049865,"children":null},"InitializeSensors":{"count":64,"self":0.0051551999999999995,"total":0.0051551999999999995,"children":null},"AgentSendState":{"count":1562884,"self":169.76743679999998,"total":2810.343264,"children":{"CollectObservations":{"count":20004928,"self":129.2523904,"total":129.252395,"children":null},"WriteActionMask":{"count":20004928,"self":41.067398399999995,"total":41.0673974,"children":null},"RequestDecision":{"count":20004928,"self":236.34723839999998,"total":2470.2560381999997,"children":{"AgentInfo.ToProto":{"count":20004928,"self":99.1174592,"total":2233.9087879,"children":{"GenerateSensorData":{"count":20004928,"self":1280.1698816,"total":2134.7913292999997,"children":{"RayPerceptionSensor.Perceive":{"count":40009856,"self":854.62144,"total":854.62141869999994,"children":null}}}}}}}}},"DecideAction":{"count":1562884,"self":10091.704319999999,"total":10091.7047255,"children":null},"AgentAct":{"count":1562884,"self":80.2856832,"total":80.57955059999999,"children":{"AgentInfo.ToProto":{"count":2374,"self":0.0159871,"total":0.293867,"children":{"GenerateSensorData":{"count":2374,"self":0.1816717,"total":0.2778799,"children":{"RayPerceptionSensor.Perceive":{"count":4748,"self":0.0962082,"total":0.0962082,"children":null}}}}}}},"AgentInfo.ToProto":{"count":30598,"self":0.42561649999999995,"total":4.6224904,"children":{"GenerateSensorData":{"count":30598,"self":2.569997,"total":4.1968739,"children":{"RayPerceptionSensor.Perceive":{"count":61196,"self":1.6268768999999998,"total":1.6268768999999998,"children":null}}}}}},"gauges":{"RacingAgent.CumulativeReward":{"count":32972,"max":1.13461828,"min":-2.75008082,"runningAverage":0.8663389,"value":1.1112169,"weightedAverage":1.0494312}},"metadata":{"timer_format_version":"0.1.0","start_time_seconds":"1687898790","unity_version":"2019.4.23f1","command_line_arguments":"C:\\Program Files\\Unity\\Hub\\Editor\\2019.4.23f1\\Editor\\Unity.exe -projectpath C:\\Unity Projects\\Racing Project -useHub -hubIPC -cloudEnvironment production -licensingIpc LicenseClient-PKMAN -hubSessionId 831f9336-d1fb-409b-a533-10802f71a6fc -accessToken 4ahWCS8njOrGQIkdS6oB_5tbGMfXsrm17vqOQeelPuU009f","communication_protocol_version":"1.3.0","com.unity.ml-agents_version":"1.7.2-preview","scene_name":"MLArena","end_time_seconds":"1687916907"}}