{"count":1,"self":5092.9934336,"total":18108.1630667,"children":{"InitializeActuators":{"count":72,"self":0.0039828,"total":0.0039828,"children":null},"InitializeSensors":{"count":72,"self":0.0029920999999999997,"total":0.0029920999999999997,"children":null},"AgentSendState":{"count":1389201,"self":192.7254528,"total":3086.8339561,"children":{"CollectObservations":{"count":20004552,"self":147.288256,"total":147.288254,"children":null},"WriteActionMask":{"count":20004552,"self":44.9233024,"total":44.9233019,"children":null},"RequestDecision":{"count":20004552,"self":266.4159232,"total":2701.8969506,"children":{"AgentInfo.ToProto":{"count":20004552,"self":116.5224576,"total":2435.4810205,"children":{"GenerateSensorData":{"count":20004552,"self":1367.5250687999999,"total":2318.9585597,"children":{"RayPerceptionSensor.Perceive":{"count":40009104,"self":951.4335232,"total":951.43349879999994,"children":null}}}}}}}}},"DecideAction":{"count":1389201,"self":9829.6717312,"total":9829.6719094999989,"children":null},"AgentAct":{"count":1389201,"self":89.9546752,"total":90.0563581,"children":{"AgentInfo.ToProto":{"count":941,"self":0.0039905999999999995,"total":0.1016846,"children":{"GenerateSensorData":{"count":941,"self":0.0528427,"total":0.097693999999999989,"children":{"RayPerceptionSensor.Perceive":{"count":1882,"self":0.0448513,"total":0.0448513,"children":null}}}}}}},"AgentInfo.ToProto":{"count":52122,"self":0.7692597,"total":8.5993041,"children":{"GenerateSensorData":{"count":52122,"self":4.4936663999999995,"total":7.8300443999999993,"children":{"RayPerceptionSensor.Perceive":{"count":104244,"self":3.3363777999999997,"total":3.3363777999999997,"children":null}}}}}},"gauges":{"RacingAgent.CumulativeReward":{"count":53063,"max":0.714804649,"min":-2.550103,"runningAverage":0.565178454,"value":0.6892036,"weightedAverage":0.6426542}},"metadata":{"timer_format_version":"0.1.0","start_time_seconds":"1687779511","unity_version":"2019.4.23f1","command_line_arguments":"C:\\Program Files\\Unity\\Hub\\Editor\\2019.4.23f1\\Editor\\Unity.exe -projectpath C:\\Unity Projects\\Racing Project -useHub -hubIPC -cloudEnvironment production -licensingIpc LicenseClient-PKMAN -hubSessionId 2ca258ad-e138-417d-95e6-82d8ea2671af -accessToken vspY0w0yWD1L19w8GdaJr0D78UyOjluwZkLYBpu_INM009f","communication_protocol_version":"1.3.0","com.unity.ml-agents_version":"1.7.2-preview","scene_name":"MLArena","end_time_seconds":"1687797620"}}