{"count":1,"self":55.5225728,"total":56.616324199999994,"children":{"InitializeActuators":{"count":4,"self":0.003975,"total":0.003975,"children":null},"InitializeSensors":{"count":4,"self":0.0029982,"total":0.0029982,"children":null},"AgentSendState":{"count":2590,"self":0.031019599999999998,"total":0.0808985,"children":{"CollectObservations":{"count":2072,"self":0.012967999999999999,"total":0.012967999999999999,"children":null},"WriteActionMask":{"count":2072,"self":0.0059894,"total":0.0059894,"children":null},"RequestDecision":{"count":2072,"self":0.030921499999999998,"total":0.030921499999999998,"children":null}}},"DecideAction":{"count":2590,"self":0.90771269999999993,"total":0.98786869999999993,"children":{"RayPerceptionSensor.Perceive":{"count":4144,"self":0.080155999999999991,"total":0.080155999999999991,"children":null}}},"AgentAct":{"count":2590,"self":0.0160136,"total":0.0160136,"children":null}},"gauges":{"RacingAgent.CumulativeReward":{"count":2,"max":1.14261615,"min":1.09241164,"runningAverage":1.1175139,"value":1.09241164,"weightedAverage":1.130065}},"metadata":{"timer_format_version":"0.1.0","start_time_seconds":"1687440547","unity_version":"2019.4.23f1","command_line_arguments":"C:\\Program Files\\Unity\\Hub\\Editor\\2019.4.23f1\\Editor\\Unity.exe -projectpath C:\\Unity Projects\\Racing Project -useHub -hubIPC -cloudEnvironment production -licensingIpc LicenseClient-PKMAN -hubSessionId 50bab88a-17fb-47c0-bd24-7b789aa652ab -accessToken oKsHAEfNuXuuedj9pYcTCvm8yeQW048c5u9wciqr9-8009f","communication_protocol_version":"1.3.0","com.unity.ml-agents_version":"1.7.2-preview","scene_name":"MLArena","end_time_seconds":"1687440603"}}