{"count":1,"self":101.71915519999999,"total":103.5110509,"children":{"InitializeActuators":{"count":4,"self":0.0019947999999999997,"total":0.0019947999999999997,"children":null},"InitializeSensors":{"count":4,"self":0.0029925999999999998,"total":0.0029925999999999998,"children":null},"AgentSendState":{"count":4931,"self":0.052925099999999996,"total":0.3716966,"children":{"CollectObservations":{"count":3948,"self":0.0329785,"total":0.0329785,"children":null},"WriteActionMask":{"count":3948,"self":0.0120048,"total":0.0120048,"children":null},"RequestDecision":{"count":3948,"self":0.132851,"total":0.2737882,"children":{"RayPerceptionSensor.Perceive":{"count":5922,"self":0.14093719999999998,"total":0.14093719999999998,"children":null}}}}},"DecideAction":{"count":4931,"self":1.3361414,"total":1.3702703999999999,"children":{"RayPerceptionSensor.Perceive":{"count":1974,"self":0.034129,"total":0.034129,"children":null}}},"AgentAct":{"count":4931,"self":0.0439416,"total":0.0439416,"children":null}},"gauges":{"RacingAgent.CumulativeReward":{"count":2,"max":0.5471985,"min":0.459994256,"runningAverage":0.503596365,"value":0.459994256,"weightedAverage":0.5253974}},"metadata":{"timer_format_version":"0.1.0","start_time_seconds":"1619247343","unity_version":"2019.4.23f1","command_line_arguments":"C:\\Program Files\\Unity\\Hub\\Editor\\2019.4.23f1\\Editor\\Unity.exe -projectpath C:\/Unity Projects\/Racing Project -useHub -hubIPC -cloudEnvironment production -hubSessionId 6cc99710-a4c7-11eb-8d63-cbb7186ab273 -accessToken NgOoXkajLBu247X0Qxan3gwBR7iwm8kiCPmrmUxqaZk009f","communication_protocol_version":"1.3.0","com.unity.ml-agents_version":"1.7.2-preview","scene_name":"MLArena","end_time_seconds":"1619247447"}}