{"count":1,"self":35.9220384,"total":36.6016014,"children":{"InitializeActuators":{"count":4,"self":0.0049860999999999994,"total":0.0049860999999999994,"children":null},"InitializeSensors":{"count":4,"self":0.0029925,"total":0.0029925,"children":null},"AgentSendState":{"count":1545,"self":0.0249099,"total":0.0598432,"children":{"CollectObservations":{"count":1236,"self":0.0050114999999999995,"total":0.0050114999999999995,"children":null},"WriteActionMask":{"count":1236,"self":0.0029874999999999997,"total":0.0029874999999999997,"children":null},"RequestDecision":{"count":1236,"self":0.026934299999999998,"total":0.026934299999999998,"children":null}}},"DecideAction":{"count":1545,"self":0.543032,"total":0.5907564,"children":{"RayPerceptionSensor.Perceive":{"count":2472,"self":0.0477244,"total":0.0477244,"children":null}}},"AgentAct":{"count":1545,"self":0.019978299999999997,"total":0.019978299999999997,"children":null}},"gauges":{},"metadata":{"timer_format_version":"0.1.0","start_time_seconds":"1694781520","unity_version":"2019.4.23f1","command_line_arguments":"C:\\Program Files\\Unity\\Hub\\Editor\\2019.4.23f1\\Editor\\Unity.exe -projectpath C:\\Unity Projects\\Racing Project -useHub -hubIPC -cloudEnvironment production -licensingIpc LicenseClient-PKMAN -hubSessionId bac39387-233f-4a42-8fff-0919ffec173a -accessToken Qwfme-r8wkBGTJ1A8QX4jQ55WKyMnCAmG6ZIsy5O6CE009f","communication_protocol_version":"1.3.0","com.unity.ml-agents_version":"1.7.2-preview","scene_name":"MLArena","end_time_seconds":"1694781556"}}