{"count":1,"self":52.4500672,"total":53.464241699999995,"children":{"InitializeActuators":{"count":4,"self":0.0019971999999999998,"total":0.0019971999999999998,"children":null},"InitializeSensors":{"count":4,"self":0.0029909999999999997,"total":0.0029909999999999997,"children":null},"AgentSendState":{"count":2392,"self":0.0302811,"total":0.0842098,"children":{"CollectObservations":{"count":1916,"self":0.014006999999999999,"total":0.014006999999999999,"children":null},"WriteActionMask":{"count":1916,"self":0.0069849,"total":0.0069849,"children":null},"RequestDecision":{"count":1916,"self":0.032936799999999995,"total":0.032936799999999995,"children":null}}},"DecideAction":{"count":2392,"self":0.81284139999999994,"total":0.8990737,"children":{"RayPerceptionSensor.Perceive":{"count":3832,"self":0.0862323,"total":0.0862323,"children":null}}},"AgentAct":{"count":2392,"self":0.024908299999999998,"total":0.024908299999999998,"children":null}},"gauges":{"RacingAgent.CumulativeReward":{"count":4,"max":1.34198666,"min":1.1430949,"runningAverage":1.22889245,"value":1.34198666,"weightedAverage":1.23063207}},"metadata":{"timer_format_version":"0.1.0","start_time_seconds":"1693892548","unity_version":"2019.4.23f1","command_line_arguments":"C:\\Program Files\\Unity\\Hub\\Editor\\2019.4.23f1\\Editor\\Unity.exe -projectpath C:\\Unity Projects\\Racing Project -useHub -hubIPC -cloudEnvironment production -licensingIpc LicenseClient-PKMAN -hubSessionId 56a6668d-631c-4151-a57f-fc4372dca5f9 -accessToken M9JfwfJhN8UrpaXiRf4fw46Yw8ArfMk-X7_-yxVwn6k009f","communication_protocol_version":"1.3.0","com.unity.ml-agents_version":"1.7.2-preview","scene_name":"MLArena","end_time_seconds":"1693892602"}}