{"count":1,"self":6224.5924864,"total":22319.318929499997,"children":{"InitializeActuators":{"count":64,"self":0.0029920999999999997,"total":0.0029920999999999997,"children":null},"InitializeSensors":{"count":64,"self":0.0069768999999999994,"total":0.0069768999999999994,"children":null},"AgentSendState":{"count":1953434,"self":232.699392,"total":3644.0527674,"children":{"CollectObservations":{"count":25003968,"self":171.5821696,"total":171.5821732,"children":null},"WriteActionMask":{"count":25003968,"self":56.235206399999996,"total":56.2352077,"children":null},"RequestDecision":{"count":25003968,"self":308.5152,"total":3183.5359940999997,"children":{"AgentInfo.ToProto":{"count":25003968,"self":136.6797952,"total":2875.0207818,"children":{"GenerateSensorData":{"count":25003968,"self":1685.9078656,"total":2738.3409896,"children":{"RayPerceptionSensor.Perceive":{"count":50007936,"self":1052.4331008,"total":1052.4331243,"children":null}}}}}}}}},"DecideAction":{"count":1953434,"self":12335.0802432,"total":12335.0799866,"children":null},"AgentAct":{"count":1953434,"self":107.697536,"total":107.852718,"children":{"AgentInfo.ToProto":{"count":1245,"self":0.0079785,"total":0.1551768,"children":{"GenerateSensorData":{"count":1245,"self":0.1003099,"total":0.1471983,"children":{"RayPerceptionSensor.Perceive":{"count":2490,"self":0.0468884,"total":0.0468884,"children":null}}}}}}},"AgentInfo.ToProto":{"count":49308,"self":0.6516529,"total":7.7300065,"children":{"GenerateSensorData":{"count":49308,"self":4.1309108,"total":7.0783536,"children":{"RayPerceptionSensor.Perceive":{"count":98616,"self":2.9474427999999997,"total":2.9474427999999997,"children":null}}}}}},"gauges":{"RacingAgent.CumulativeReward":{"count":50553,"max":1.37661028,"min":-3.05007982,"runningAverage":1.16785789,"value":1.29200077,"weightedAverage":1.28505123}},"metadata":{"timer_format_version":"0.1.0","start_time_seconds":"1690738180","unity_version":"2019.4.23f1","command_line_arguments":"C:\\Program Files\\Unity\\Hub\\Editor\\2019.4.23f1\\Editor\\Unity.exe -projectpath C:\\Unity Projects\\Racing Project -useHub -hubIPC -cloudEnvironment production -licensingIpc LicenseClient-PKMAN -hubSessionId e3d3d649-0b73-434c-9aeb-b83929690b81 -accessToken Ts3iAU4Res3cKKr2AbDXdmwP5YjkofctaUwMQMjEbys009f","communication_protocol_version":"1.3.0","com.unity.ml-agents_version":"1.7.2-preview","scene_name":"MLArena","end_time_seconds":"1690760499"}}