{"count":1,"self":4647.1962624,"total":19143.0987593,"children":{"InitializeActuators":{"count":64,"self":0.0019946,"total":0.0019946,"children":null},"InitializeSensors":{"count":64,"self":0.0049862,"total":0.0049862,"children":null},"AgentSendState":{"count":1562867,"self":166.216512,"total":2736.4777179,"children":{"CollectObservations":{"count":20004736,"self":125.93964799999999,"total":125.9396436,"children":null},"WriteActionMask":{"count":20004736,"self":38.9364288,"total":38.9364296,"children":null},"RequestDecision":{"count":20004736,"self":230.315136,"total":2405.3851342,"children":{"AgentInfo.ToProto":{"count":20004736,"self":97.8927616,"total":2175.070005,"children":{"GenerateSensorData":{"count":20004736,"self":1262.6110463999999,"total":2077.1772410999997,"children":{"RayPerceptionSensor.Perceive":{"count":40009472,"self":814.56619519999992,"total":814.56621499999994,"children":null}}}}}}}}},"DecideAction":{"count":1562867,"self":11679.8849024,"total":11679.8849508,"children":null},"AgentAct":{"count":1562867,"self":76.027001599999991,"total":76.91693,"children":{"AgentInfo.ToProto":{"count":7895,"self":0.0464271,"total":0.8899285,"children":{"GenerateSensorData":{"count":7895,"self":0.5091242,"total":0.8435014,"children":{"RayPerceptionSensor.Perceive":{"count":15790,"self":0.3343772,"total":0.3343772,"children":null}}}}}}},"AgentInfo.ToProto":{"count":18802,"self":0.24702839999999998,"total":2.6149283999999997,"children":{"GenerateSensorData":{"count":18802,"self":1.4095829,"total":2.3678999999999997,"children":{"RayPerceptionSensor.Perceive":{"count":37604,"self":0.95831709999999992,"total":0.95831709999999992,"children":null}}}}}},"gauges":{"RacingAgent.CumulativeReward":{"count":26697,"max":1.02392161,"min":-3.358582,"runningAverage":0.243408367,"value":0.9310177,"weightedAverage":0.793088436}},"metadata":{"timer_format_version":"0.1.0","start_time_seconds":"1687989343","unity_version":"2019.4.23f1","command_line_arguments":"C:\\Program Files\\Unity\\Hub\\Editor\\2019.4.23f1\\Editor\\Unity.exe -projectpath C:\\Unity Projects\\Racing Project -useHub -hubIPC -cloudEnvironment production -licensingIpc LicenseClient-PKMAN -hubSessionId 6811006b-ae4e-40d0-ad47-0a186a316ee1 -accessToken 7Q_bQ2EhCx6FpFYpmF5W5tRaJhePu1mklfLzEQ_fRlk009f","communication_protocol_version":"1.3.0","com.unity.ml-agents_version":"1.7.2-preview","scene_name":"MLArena","end_time_seconds":"1688008486"}}