{"count":1,"self":5161.1226111999995,"total":17900.3801765,"children":{"InitializeActuators":{"count":64,"self":0.0039892999999999994,"total":0.0039892999999999994,"children":null},"InitializeSensors":{"count":64,"self":0.0049867999999999996,"total":0.0049867999999999996,"children":null},"AgentSendState":{"count":1562884,"self":171.3215488,"total":2807.4016624,"children":{"CollectObservations":{"count":20004928,"self":126.0938752,"total":126.0938812,"children":null},"WriteActionMask":{"count":20004928,"self":41.2064704,"total":41.2064702,"children":null},"RequestDecision":{"count":20004928,"self":235.705344,"total":2468.7797636,"children":{"AgentInfo.ToProto":{"count":20004928,"self":101.36699519999999,"total":2233.0744093999997,"children":{"GenerateSensorData":{"count":20004928,"self":1273.3569023999999,"total":2131.7074124,"children":{"RayPerceptionSensor.Perceive":{"count":40009856,"self":858.3505408,"total":858.3505407,"children":null}}}}}}}}},"DecideAction":{"count":1562884,"self":9844.7392767999991,"total":9844.739598,"children":null},"AgentAct":{"count":1562884,"self":80.9529024,"total":81.0704987,"children":{"AgentInfo.ToProto":{"count":1055,"self":0.003991,"total":0.1175947,"children":{"GenerateSensorData":{"count":1055,"self":0.0627771,"total":0.11360369999999999,"children":{"RayPerceptionSensor.Perceive":{"count":2110,"self":0.0508266,"total":0.0508266,"children":null}}}}}}},"AgentInfo.ToProto":{"count":42793,"self":0.54223029999999994,"total":6.0348321999999994,"children":{"GenerateSensorData":{"count":42793,"self":3.156376,"total":5.4926018999999995,"children":{"RayPerceptionSensor.Perceive":{"count":85586,"self":2.3362258,"total":2.3362258,"children":null}}}}}},"gauges":{"RacingAgent.CumulativeReward":{"count":43848,"max":1.060513,"min":-3.22449,"runningAverage":0.827384651,"value":1.017019,"weightedAverage":0.9449267}},"metadata":{"timer_format_version":"0.1.0","start_time_seconds":"1688245831","unity_version":"2019.4.23f1","command_line_arguments":"C:\\Program Files\\Unity\\Hub\\Editor\\2019.4.23f1\\Editor\\Unity.exe -projectpath C:\\Unity Projects\\Racing Project -useHub -hubIPC -cloudEnvironment production -licensingIpc LicenseClient-PKMAN -hubSessionId 899e73c1-0fff-42f8-86be-faa2388dc07a -accessToken 9cXKXnfRVG2wfm1J6ZNs3IafGHehfBXc3wDMuortCw4009f","communication_protocol_version":"1.3.0","com.unity.ml-agents_version":"1.7.2-preview","scene_name":"MLArena","end_time_seconds":"1688263731"}}